SaleId,Product,Category,quantity_sold,Sale,total_amount
DE0001,Phone4,Smart Phone,34,96.02,291666.5112
DE0002,Shoes1,Shoes,40,188.5,673623.6
DE0007,Perfume5,Perfumes,34,135.46,411467.87760000007
DE0009,Bottle3,Water bottles,38,143.73,487951.8516
DE0012,Tshirt4,Tshirts,4,20.98,7497.4128
DE0014,Shoes3,Shoes,14,76.57,95770.693200000009
DE0019,Tshirt1,Tshirts,32,154.03,440353.28640000004
DE0021,Perfume2,Perfumes,34,174.32,529507.4592
DE0022,Bottle1,Water bottles,22,99.73,196017.3204
DE0026,Shoes5,Shoes,16,105.61,150963.15840000001
DE0028,Perfume4,Perfumes,22,117.73,231395.9604
DE0029,Jeans3,Jeans,26,162.01,376323.30840000004
DE0031,Bottle6,Water bottles,4,16.18,5782.0848000000005
DE0032,Jeans5,Jeans,2,13.18,2355.0024
DE0034,Perfume4,Perfumes,14,93.9,117446.36400000002
DE0037,Tshirt3,Tshirts,36,100.86,324389.96640000003
DE0038,Bottle5,Water bottles,24,105.97,227216.6352
DE0043,Bottle2,Water bottles,10,32.11,28687.074000000004
DE0050,Perfume4,Perfumes,24,147.13,315470.2608
DE0051,Phone6,Smart Phone,6,34.93,18723.8772
DE0052,Shoes4,Shoes,34,197.19,598976.4564
DE0058,Tshirt6,Tshirts,32,194.73,556709.7024
DE0059,Tshirt6,Tshirts,20,88.87,158792.91600000003
DE0060,Phone1,Smart Phone,10,43.93,39247.062000000005
DE0062,Tshirt6,Tshirts,8,49.53,35400.081600000005
DE0064,Bottle2,Water bottles,32,186.48,533123.94239999994
DE0065,Tshirt3,Tshirts,6,37.29,19988.9316
DE0067,Bottle6,Water bottles,12,73.36,78647.7888
DE0072,Phone4,Smart Phone,22,73.84,145131.04320000001
DE0074,Shoes3,Shoes,18,76.76,123439.2912
DE0076,Bottle6,Water bottles,38,219.75,746033.67
DE0078,Bottle1,Water bottles,6,30.96,16595.7984
DE0080,Bottle3,Water bottles,18,53.86,86613.3432
DE0081,Tshirt5,Tshirts,6,37.25,19967.49
DE0082,Bottle2,Water bottles,40,139.41,498195.576
DE0088,Phone1,Smart Phone,32,201.55,576207.26400000008
DE0089,Phone2,Smart Phone,32,116.01,331658.66880000004
DE0090,Perfume4,Perfumes,14,74.68,93406.7568
DE0091,Bottle3,Water bottles,8,25.73,18389.745600000002
DE0093,Jeans6,Jeans,2,13.22,2362.1496
DE0096,Bottle1,Water bottles,36,101.47,326351.8728
DE0097,Phone6,Smart Phone,32,193.66,553650.7008
DE0100,Tshirt4,Tshirts,20,76.21,136172.028
DE0101,Perfume1,Perfumes,26,117.43,272771.10120000003
DE0103,Bottle4,Water bottles,14,42.05,52594.458
DE0104,Jeans1,Jeans,38,212.93,722880.31560000009
DE0107,Bottle1,Water bottles,26,104.31,242295.4404
DE0109,Jeans6,Jeans,38,122.01,414214.1892
DE0111,Phone5,Smart Phone,4,26.09,9323.5224
DE0112,Jeans1,Jeans,12,54.73,58674.9384
DE0113,Tshirt4,Tshirts,40,247.67,885073.512
DE0116,Shoes1,Shoes,38,176.52,599271.27840000007
DE0117,Jeans1,Jeans,38,179.5,609388.14
DE0118,Tshirt1,Tshirts,18,93.3,150037.596
DE0119,Jeans6,Jeans,24,127.63,273659.1408
DE0120,Jeans5,Jeans,4,13.49,4820.7864
DE0121,Bottle5,Water bottles,26,75.18,174631.11120000004
DE0122,Phone1,Smart Phone,2,7.65,1366.902
DE0124,Bottle2,Water bottles,14,90.61,113331.3636
DE0126,Perfume6,Perfumes,4,22.66,8097.7776
DE0128,Perfume2,Perfumes,14,81.74,102237.1224
DE0129,Tshirt5,Tshirts,24,131.12,281142.25920000003
DE0134,Bottle1,Water bottles,36,133.34,428853.4416
DE0135,Tshirt4,Tshirts,34,108.98,331033.28880000004
DE0137,Bottle6,Water bottles,22,75.45,148295.46600000001
DE0138,Shoes2,Shoes,8,41.33,29539.3776
DE0139,Jeans4,Jeans,16,88.04,125847.89760000001
DE0143,Shoes2,Shoes,4,17.64,6303.8304000000007
DE0145,Shoes2,Shoes,20,129.22,230890.29600000003
DE0146,Perfume2,Perfumes,38,125.2,425043.98400000005
DE0147,Phone5,Smart Phone,32,198.14,566458.4832
DE0148,Phone4,Smart Phone,18,94.61,152144.23320000002
DE0150,Jeans5,Jeans,10,51.94,46403.195999999996
DE0151,Tshirt1,Tshirts,32,167.66,479319.8208
DE0152,Perfume4,Perfumes,32,172.68,493671.39840000006
DE0153,Phone2,Smart Phone,6,30.8,16510.032000000003
DE0155,Tshirt4,Tshirts,20,108.71,194243.028
DE0156,Perfume6,Perfumes,38,205.48,697588.1616
DE0157,Phone2,Smart Phone,26,128.06,297462.89040000003
DE0158,Bottle4,Water bottles,2,10.02,1790.3736
DE0159,Bottle3,Water bottles,34,152.99,464716.3044
DE0160,Phone3,Smart Phone,40,130.45,466176.12
DE0162,Phone3,Smart Phone,30,146.92,393774.98399999994
DE0163,Shoes2,Shoes,36,216.65,696798.39600000007
DE0165,Tshirt6,Tshirts,32,130.9,374227.39200000005
DE0169,Shoes6,Shoes,6,32.55,17448.102
DE0170,Tshirt1,Tshirts,26,115.82,269031.32879999996
DE0172,Phone2,Smart Phone,14,62.76,78497.6976
DE0173,Phone6,Smart Phone,36,198.7,639066.888
DE0174,Shoes4,Shoes,30,134.15,359548.83
DE0175,Jeans1,Jeans,2,11.57,2067.3276
DE0178,Perfume2,Perfumes,20,85.85,153396.78
DE0180,Shoes3,Shoes,30,190.46,510470.89200000005
DE0182,Bottle6,Water bottles,10,41.63,37192.242000000006
DE0183,Tshirt1,Tshirts,22,117.24,230432.87519999998
DE0184,Shoes3,Shoes,12,72.29,77500.66320000001
DE0189,Phone3,Smart Phone,38,229.54,779269.9368
DE0190,Bottle4,Water bottles,22,122.04,239867.1792
DE0191,Tshirt2,Tshirts,36,164.41,528782.01840000006
DE0192,Tshirt4,Tshirts,40,214.28,765751.00800000015
DE0193,Shoes1,Shoes,22,138.32,271865.1936
DE0194,Bottle2,Water bottles,38,166.94,566747.9448
HK0001,Jeans3,Jeans,34,1346.94,500549.8428
HK0002,Bottle4,Water bottles,20,494.05,107999.33
HK0004,Tshirt1,Tshirts,6,298.35,19565.793
HK0005,Bottle4,Water bottles,10,467.98,51150.214
HK0009,Phone6,Smart Phone,8,199.82,17472.2608
HK0013,Bottle4,Water bottles,28,787.74,241079.9496
HK0014,Jeans6,Jeans,4,110.89,4848.1107999999995
HK0016,Phone3,Smart Phone,40,2195.79,959999.388
HK0019,Tshirt6,Tshirts,34,1843.09,684929.1057999999
HK0020,Shoes5,Shoes,34,1466.7,545055.054
HK0022,Jeans5,Jeans,40,935.04,408799.48799999995
HK0024,Tshirt4,Tshirts,22,843.37,202796.75019999998
HK0025,Shoes1,Shoes,34,1653.34,614414.2108
HK0026,Bottle4,Water bottles,26,689.84,196038.7312
HK0029,Tshirt4,Tshirts,28,1370.54,419440.06159999996
HK0033,Bottle4,Water bottles,8,429.64,37567.7216
HK0035,Perfume5,Perfumes,24,599.45,157247.72400000002
HK0037,Perfume2,Perfumes,14,577.68,88396.5936
HK0039,Tshirt6,Tshirts,38,1670.54,693842.0835999999
HK0040,Phone6,Smart Phone,38,1755.72,729220.7448
HK0042,Perfume2,Perfumes,38,1096.89,455582.29260000004
HK0045,Shoes4,Shoes,10,421.77,46099.460999999996
HK0047,Bottle6,Water bottles,36,1161.02,456838.1496
HK0051,Shoes4,Shoes,2,48.03,1049.9358
HK0052,Phone2,Smart Phone,4,128.82,5632.0103999999992
HK0054,Bottle3,Water bottles,14,555.26,84965.88519999999
HK0055,Phone1,Smart Phone,40,2126.26,929600.87200000009
HK0058,Tshirt6,Tshirts,18,934.58,183869.2692
HK0059,Phone2,Smart Phone,24,766.33,201023.68560000003
HK0060,Shoes4,Shoes,12,379.32,49751.6112
HK0061,Jeans6,Jeans,34,1378.04,512107.22479999997
HK0064,Tshirt2,Tshirts,22,1147.3,275879.758
HK0066,Shoes1,Shoes,22,692.41,166496.90859999997
HK0067,Perfume1,Perfumes,34,1438.7,534649.694
HK0068,Perfume5,Perfumes,26,1019.3,289664.674
HK0076,Tshirt2,Tshirts,36,1879.05,739368.594
HK0078,Perfume6,Perfumes,28,841.54,257544.90159999998
HK0079,Tshirt4,Tshirts,22,592.77,142537.47419999997
HK0083,Bottle1,Water bottles,36,1903.75,749087.54999999993
HK0084,Bottle5,Water bottles,6,157.55,10332.129
HK0087,Phone2,Smart Phone,36,1052.33,414070.8084
HK0089,Shoes6,Shoes,24,1170.36,307008.8352
HK0090,Perfume2,Perfumes,8,184.81,16159.786399999999
HK0091,Perfume5,Perfumes,26,965.78,274455.3604
HK0092,Jeans6,Jeans,24,1012.26,265536.04319999996
HK0093,Bottle5,Water bottles,10,314.73,34399.989
HK0094,Jeans5,Jeans,18,508.05,99953.757
HK0095,Jeans6,Jeans,38,1846.11,766763.3274
HK0096,Phone6,Smart Phone,36,1312.53,516454.3044
HK0097,Bottle1,Water bottles,18,578.04,113723.58959999999
HK0099,Bottle6,Water bottles,16,578.96,101248.5248
HK0101,Shoes5,Shoes,20,987.19,215799.73400000003
HK0105,Shoes3,Shoes,32,993.96,347647.4496
HK0107,Jeans3,Jeans,6,142.45,9341.871
HK0112,Tshirt6,Tshirts,16,750.96,131327.8848
HK0113,Jeans4,Jeans,12,592.31,77687.379599999986
HK0115,Jeans4,Jeans,16,563.59,98560.6192
HK0116,Shoes2,Shoes,4,188.47,8239.9084
HK0122,Perfume1,Perfumes,34,1477.58,549098.2796
HK0124,Jeans2,Jeans,24,1291.13,338689.22160000005
HK0125,Jeans4,Jeans,22,999.36,240306.1056
HK0126,Bottle4,Water bottles,32,1616.1,565247.13599999994
HK0127,Jeans6,Jeans,28,959.38,293608.6552
HK0128,Tshirt2,Tshirts,38,1107.32,459914.28879999992
HK0129,Bottle5,Water bottles,4,101.92,4455.9424
HK0131,Bottle1,Water bottles,20,659.65,144199.49
HK0133,Phone5,Smart Phone,10,520.59,56900.487
HK0134,Bottle5,Water bottles,18,699.91,137700.2934
HK0135,Phone5,Smart Phone,38,1277.68,530671.6112
HK0136,Phone4,Smart Phone,10,236.05,25800.265
HK0138,Tshirt2,Tshirts,32,1528.27,534527.7152
HK0142,Phone3,Smart Phone,38,1625.34,675068.7156
HK0143,Jeans3,Jeans,32,856.36,299520.47359999997
HK0145,Tshirt6,Tshirts,2,94.42,2064.0212
HK0151,Shoes6,Shoes,26,1397.53,397150.0754
HK0154,Bottle6,Water bottles,4,164.32,7184.0704
HK0155,Bottle1,Water bottles,6,269.53,17675.7774
HK0156,Perfume4,Perfumes,6,211.07,13841.9706
HK0157,Jeans3,Jeans,6,245.11,16074.3138
HK0160,Bottle5,Water bottles,20,488.56,106799.216
HK0161,Perfume5,Perfumes,34,1755.99,652561.00380000006
HK0164,Phone5,Smart Phone,14,365.05,55859.950999999994
HK0171,Perfume1,Perfumes,32,1118.39,391168.08640000003
HK0172,Tshirt4,Tshirts,16,602.38,105344.2144
HK0173,Phone3,Smart Phone,34,1196.07,444483.53339999996
HK0176,Jeans5,Jeans,18,987.28,194237.4672
HK0177,Jeans4,Jeans,14,478.41,73206.2982
HK0178,Shoes2,Shoes,16,552.61,96640.4368
HK0179,Perfume3,Perfumes,10,284.54,31100.222
HK0180,Tshirt6,Tshirts,32,1542.91,539648.2016
HK0191,Jeans5,Jeans,10,275.39,30100.126999999997
HK0195,Shoes5,Shoes,38,1576.67,654854.1178
HK0196,Tshirt6,Tshirts,12,395.24,51839.6784
HK0199,Phone1,Smart Phone,24,1196.71,313920.9672
HK0200,Perfume6,Perfumes,36,1302.65,512566.722
IN-0001,Park Avenue Perfumes,Perfumes,16,972.0,15552.0
IN-0002,Lee Jeans,Jeans,6,895.0,5370.0
IN-0003,Woodland Shoes,Shoes,18,616.0,11088.0
IN-0004,Kinley Water bottles,Water bottles,16,1005.0,16080.0
IN-0005,Pepe Jeans Jeans,Jeans,4,653.0,2612.0
IN-0006,Denver Perfumes,Perfumes,4,821.0,3284.0
IN-0007,AXE Perfumes,Perfumes,14,821.0,11494.0
IN-0008,AXE Perfumes,Perfumes,16,936.0,14976.0
IN-0009,Wild Stone Perfumes,Perfumes,16,936.0,14976.0
IN-0010,Samsung Smart Phone,Smart Phone,10,968.0,9680.0
IN-0011,Tupperware Water bottles,Water bottles,12,544.0,6528.0
IN-0012,Tupperware Water bottles,Water bottles,10,905.0,9050.0
IN-0013,Denver Perfumes,Perfumes,4,821.0,3284.0
IN-0014,Bata Shoes,Shoes,12,616.0,7392.0
IN-0015,Lee Jeans,Jeans,12,653.0,7836.0
IN-0016,Adidas Tshirt,Tshirts,18,1167.0,21006.0
IN-0017,Peter England Tshirt,Tshirts,18,534.0,9612.0
IN-0018,Park Avenue Perfumes,Perfumes,14,821.0,11494.0
IN-0019,Levi's Jeans,Jeans,2,567.0,1134.0
IN-0020,Samsung Smart Phone,Smart Phone,4,644.0,2576.0
IN-0022,Levi's Jeans,Jeans,4,752.0,3008.0
IN-0023,Vivo Smart Phone,Smart Phone,10,1063.0,10630.0
IN-0024,Aquafina Water bottles,Water bottles,6,1005.0,6030.0
IN-0025,Mufti Jeans,Jeans,10,1045.0,10450.0
IN-0026,Nike Tshirt,Tshirts,20,534.0,10680.0
IN-0027,Levi's Jeans,Jeans,12,752.0,9024.0
IN-0028,Fogg Perfumes,Perfumes,4,821.0,3284.0
IN-0029,Milton Water bottles,Water bottles,4,699.0,2796.0
IN-0030,AXE Perfumes,Perfumes,14,972.0,13608.0
IN-0031,Bata Shoes,Shoes,4,1061.0,4244.0
IN-0032,Park Avenue Perfumes,Perfumes,16,821.0,13136.0
IN-0033,Park Avenue Perfumes,Perfumes,20,972.0,19440.0
IN-0034,Adidas Tshirt,Tshirts,10,742.0,7420.0
IN-0035,Vivo Smart Phone,Smart Phone,12,644.0,7728.0
IN-0036,Peter England Tshirt,Tshirts,18,1167.0,21006.0
IN-0037,Cello Water bottles,Water bottles,2,699.0,1398.0
IN-0038,Puma Tshirt,Tshirts,10,1068.0,10680.0
IN-0039,Lee Jeans,Jeans,18,567.0,10206.0
IN-0040,Reebok Shoes,Shoes,12,882.0,10584.0
IN-0041,Pepe Jeans Jeans,Jeans,8,839.0,6712.0
IN-0042,Levi's Jeans,Jeans,18,895.0,16110.0
IN-0043,Puma Tshirt,Tshirts,16,923.0,14768.0
IN-0044,Wild Stone Perfumes,Perfumes,6,1068.0,6408.0
IN-0045,Denver Perfumes,Perfumes,6,821.0,4926.0
IN-0046,Reebok Shoes,Shoes,12,534.0,6408.0
IN-0047,Redmi Smart Phone,Smart Phone,20,1050.0,21000.0
IN-0048,Levi's Jeans,Jeans,6,839.0,5034.0
IN-0049,Kinley Water bottles,Water bottles,4,699.0,2796.0
IN-0050,Zara Tshirt,Tshirts,16,742.0,11872.0
IN-0051,Pepe Jeans Jeans,Jeans,16,839.0,13424.0
IN-0052,OnePlus Smart Phone,Smart Phone,6,1063.0,6378.0
IN-0053,Peter England Tshirt,Tshirts,12,1068.0,12816.0
IN-0054,Wild Stone Perfumes,Perfumes,4,972.0,3888.0
IN-0055,Park Avenue Perfumes,Perfumes,20,936.0,18720.0
IN-0056,Nike Shoes,Shoes,2,1061.0,2122.0
IN-0057,Milton Water bottles,Water bottles,6,544.0,3264.0
IN-0058,Pepe Jeans Jeans,Jeans,10,1045.0,10450.0
IN-0059,Adidas Tshirt,Tshirts,2,1167.0,2334.0
IN-0060,Wild Stone Perfumes,Perfumes,10,821.0,8210.0
IN-0061,Adidas Shoes,Shoes,12,1162.0,13944.0
IN-0062,Lee Jeans,Jeans,2,653.0,1306.0
IN-0063,Samsung Smart Phone,Smart Phone,18,1050.0,18900.0
IN-0064,Levi's Jeans,Jeans,18,752.0,13536.0
IN-0065,Samsung Smart Phone,Smart Phone,12,1050.0,12600.0
IN-0066,Milton Water bottles,Water bottles,4,544.0,2176.0
IN-0067,Woodland Shoes,Shoes,12,1061.0,12732.0
IN-0068,Tupperware Water bottles,Water bottles,18,1005.0,18090.0
IN-0069,Peter England Tshirt,Tshirts,8,1167.0,9336.0
IN-0070,Lee Jeans,Jeans,8,895.0,7160.0
IN-0071,Cello Water bottles,Water bottles,18,665.0,11970.0
IN-0072,Vivo Smart Phone,Smart Phone,14,644.0,9016.0
IN-0073,Vivo Smart Phone,Smart Phone,12,1056.0,12672.0
IN-0074,Peter England Tshirt,Tshirts,14,1068.0,14952.0
IN-0075,Fogg Perfumes,Perfumes,4,821.0,3284.0
IN-0076,Nike Shoes,Shoes,12,757.0,9084.0
IN-0077,Wild Stone Perfumes,Perfumes,18,936.0,16848.0
IN-0079,Park Avenue Perfumes,Perfumes,16,1068.0,17088.0
IN-0080,Samsung Smart Phone,Smart Phone,16,1063.0,17008.0
IN-0082,Wild Stone Perfumes,Perfumes,8,1068.0,8544.0
IN-0083,Aquafina Water bottles,Water bottles,16,905.0,14480.0
IN-0085,OnePlus Smart Phone,Smart Phone,12,1056.0,12672.0
IN-0086,Nike Shoes,Shoes,18,616.0,11088.0
IN-0087,Vivo Smart Phone,Smart Phone,10,1063.0,10630.0
IN-0088,Bata Shoes,Shoes,4,1061.0,4244.0
IN-0089,Nike Shoes,Shoes,20,1162.0,23240.0
IN-0090,Levi's Jeans,Jeans,14,839.0,11746.0
IN-0091,AXE Perfumes,Perfumes,12,1068.0,12816.0
IN-0092,Samsung Smart Phone,Smart Phone,18,1050.0,18900.0
IN-0093,Aquafina Water bottles,Water bottles,14,1005.0,14070.0
IN-0094,Lee Jeans,Jeans,6,839.0,5034.0
IN-0095,Park Avenue Perfumes,Perfumes,4,1098.0,4392.0
IN-0097,Wrangler Jeans,Jeans,16,839.0,13424.0
IN-0098,Reebok Shoes,Shoes,18,1061.0,19098.0
IN-0099,Puma Tshirt,Tshirts,12,867.0,10404.0
IN-0100,Redmi Smart Phone,Smart Phone,6,830.0,4980.0
IN-0101,Wrangler Jeans,Jeans,18,567.0,10206.0
IN-0102,Redmi Smart Phone,Smart Phone,6,644.0,3864.0
IN-0103,Samsung Smart Phone,Smart Phone,4,1050.0,4200.0
IN-0104,Levi's Jeans,Jeans,4,752.0,3008.0
IN-0105,Wild Stone Perfumes,Perfumes,14,821.0,11494.0
IN-0106,Puma Tshirt,Tshirts,6,923.0,5538.0
IN-0107,Tupperware Water bottles,Water bottles,16,699.0,11184.0
IN-0108,Kinley Water bottles,Water bottles,16,544.0,8704.0
IN-0110,Fogg Perfumes,Perfumes,6,821.0,4926.0
IN-0111,iPhone Smart Phone,Smart Phone,16,830.0,13280.0
IN-0112,Kinley Water bottles,Water bottles,2,905.0,1810.0
IN-0113,Denver Perfumes,Perfumes,12,972.0,11664.0
IN-0114,Levi's Jeans,Jeans,18,653.0,11754.0
IN-0115,Nike Shoes,Shoes,16,534.0,8544.0
IN-0116,Reebok Shoes,Shoes,10,616.0,6160.0
IN-0117,Fogg Perfumes,Perfumes,16,1098.0,17568.0
IN-0118,Samsung Smart Phone,Smart Phone,18,830.0,14940.0
IN-0119,Levi's Jeans,Jeans,4,752.0,3008.0
IN-0120,Mufti Jeans,Jeans,20,1045.0,20900.0
IN-0121,Adidas Shoes,Shoes,8,1162.0,9296.0
IN-0122,Wild Stone Perfumes,Perfumes,8,821.0,6568.0
IN-0123,AXE Perfumes,Perfumes,10,821.0,8210.0
IN-0124,Milton Water bottles,Water bottles,4,905.0,3620.0
IN-0125,Puma Tshirt,Tshirts,2,1167.0,2334.0
IN-0126,Puma Tshirt,Tshirts,4,867.0,3468.0
IN-0127,Cello Water bottles,Water bottles,14,648.0,9072.0
IN-0128,Levi's Jeans,Jeans,8,839.0,6712.0
IN-0129,Wrangler Jeans,Jeans,2,1045.0,2090.0
IN-0130,Tupperware Water bottles,Water bottles,6,905.0,5430.0
IN-0131,Kinley Water bottles,Water bottles,14,1005.0,14070.0
IN-0132,Adidas Shoes,Shoes,18,1061.0,19098.0
IN-0133,Kinley Water bottles,Water bottles,20,544.0,10880.0
IN-0134,Bata Shoes,Shoes,10,882.0,8820.0
IN-0135,Aquafina Water bottles,Water bottles,12,665.0,7980.0
IN-0136,Puma Tshirt,Tshirts,2,867.0,1734.0
IN-0137,Wrangler Jeans,Jeans,20,567.0,11340.0
IN-0138,Peter England Tshirt,Tshirts,20,742.0,14840.0
IN-0139,Mufti Jeans,Jeans,18,567.0,10206.0
IN-0140,AXE Perfumes,Perfumes,14,821.0,11494.0
IN-0141,Fogg Perfumes,Perfumes,14,972.0,13608.0
IN-0142,OnePlus Smart Phone,Smart Phone,6,644.0,3864.0
IN-0143,Samsung Smart Phone,Smart Phone,12,1050.0,12600.0
IN-0144,Mufti Jeans,Jeans,20,895.0,17900.0
IN-0145,Bata Shoes,Shoes,6,882.0,5292.0
IN-0146,Vivo Smart Phone,Smart Phone,20,1063.0,21260.0
IN-0147,Denver Perfumes,Perfumes,10,1068.0,10680.0
IN-0148,Lee Jeans,Jeans,10,1045.0,10450.0
IN-0149,Cello Water bottles,Water bottles,12,648.0,7776.0
IN-0150,Nike Shoes,Shoes,4,882.0,3528.0
IN-0151,Reebok Shoes,Shoes,12,534.0,6408.0
IN-0152,Mufti Jeans,Jeans,8,653.0,5224.0
IN-0153,Fogg Perfumes,Perfumes,14,821.0,11494.0
IN-0154,Milton Water bottles,Water bottles,2,1005.0,2010.0
IN-0155,Tupperware Water bottles,Water bottles,4,699.0,2796.0
IN-0156,Peter England Tshirt,Tshirts,10,1068.0,10680.0
IN-0157,Tupperware Water bottles,Water bottles,18,648.0,11664.0
IN-0158,Vivo Smart Phone,Smart Phone,20,968.0,19360.0
IN-0159,Tupperware Water bottles,Water bottles,18,1005.0,18090.0
IN-0161,Fogg Perfumes,Perfumes,6,972.0,5832.0
IN-0162,Reebok Shoes,Shoes,8,534.0,4272.0
IN-0163,Bata Shoes,Shoes,14,1162.0,16268.0
IN-0164,Peter England Tshirt,Tshirts,14,534.0,7476.0
IN-0165,Adidas Shoes,Shoes,8,1162.0,9296.0
IN-0166,Redmi Smart Phone,Smart Phone,10,644.0,6440.0
IN-0167,Lee Jeans,Jeans,20,895.0,17900.0
IN-0168,Adidas Shoes,Shoes,20,882.0,17640.0
IN-0169,Nike Shoes,Shoes,4,757.0,3028.0
IN-0170,Peter England Tshirt,Tshirts,2,534.0,1068.0
IN-0171,AXE Perfumes,Perfumes,2,972.0,1944.0
IN-0172,Park Avenue Perfumes,Perfumes,16,972.0,15552.0
IN-0173,Nike Tshirt,Tshirts,2,742.0,1484.0
IN-0174,Puma Tshirt,Tshirts,14,923.0,12922.0
IN-0175,Adidas Tshirt,Tshirts,12,867.0,10404.0
IN-0176,Samsung Smart Phone,Smart Phone,14,830.0,11620.0
IN-0177,Fogg Perfumes,Perfumes,16,936.0,14976.0
IN-0178,Wild Stone Perfumes,Perfumes,2,1098.0,2196.0
IN-0179,Zara Tshirt,Tshirts,6,923.0,5538.0
IN-0180,Adidas Tshirt,Tshirts,16,1167.0,18672.0
IN-0181,Cello Water bottles,Water bottles,6,699.0,4194.0
IN-0182,Vivo Smart Phone,Smart Phone,14,644.0,9016.0
IN-0183,Mufti Jeans,Jeans,20,752.0,15040.0
IN-0184,Lee Jeans,Jeans,6,752.0,4512.0
IN-0185,Wild Stone Perfumes,Perfumes,14,821.0,11494.0
IN-0186,Samsung Smart Phone,Smart Phone,18,968.0,17424.0
IN-0187,Aquafina Water bottles,Water bottles,16,648.0,10368.0
IN-0188,Woodland Shoes,Shoes,20,616.0,12320.0
IN-0189,Redmi Smart Phone,Smart Phone,8,1050.0,8400.0
IN-0190,Vivo Smart Phone,Smart Phone,6,1063.0,6378.0
IN-0191,Adidas Tshirt,Tshirts,2,1167.0,2334.0
IN-0192,Nike Tshirt,Tshirts,10,923.0,9230.0
IN-0193,Adidas Shoes,Shoes,2,882.0,1764.0
IN-0194,iPhone Smart Phone,Smart Phone,18,1056.0,19008.0
IN-0195,Nike Tshirt,Tshirts,8,923.0,7384.0
IN-0196,Levi's Jeans,Jeans,10,567.0,5670.0
IN-0197,Aquafina Water bottles,Water bottles,10,665.0,6650.0
IN-0198,Peter England Tshirt,Tshirts,18,534.0,9612.0
IN-0199,Redmi Smart Phone,Smart Phone,12,1050.0,12600.0
IN-0201,Peter England Tshirt,Tshirts,16,867.0,13872.0
IN-0202,Nike Shoes,Shoes,2,534.0,1068.0
IN-0203,Tupperware Water bottles,Water bottles,12,1005.0,12060.0
IN-0204,Redmi Smart Phone,Smart Phone,20,1063.0,21260.0
IN-0205,OnePlus Smart Phone,Smart Phone,16,1056.0,16896.0
IN-0206,Levi's Jeans,Jeans,8,752.0,6016.0
IN-0207,Zara Tshirt,Tshirts,4,867.0,3468.0
IN-0208,iPhone Smart Phone,Smart Phone,12,1056.0,12672.0
IN-0209,Adidas Shoes,Shoes,16,534.0,8544.0
IN-0210,Nike Shoes,Shoes,10,1061.0,10610.0
IN-0211,Peter England Tshirt,Tshirts,20,1068.0,21360.0
IN-0212,Kinley Water bottles,Water bottles,4,665.0,2660.0
IN-0213,Tupperware Water bottles,Water bottles,2,1005.0,2010.0
IN-0214,Pepe Jeans Jeans,Jeans,4,895.0,3580.0
IN-0215,Adidas Tshirt,Tshirts,10,1068.0,10680.0
IN-0216,Puma Tshirt,Tshirts,2,1068.0,2136.0
IN-0217,Redmi Smart Phone,Smart Phone,14,968.0,13552.0
IN-0218,Puma Tshirt,Tshirts,2,1068.0,2136.0
IN-0219,iPhone Smart Phone,Smart Phone,2,1056.0,2112.0
IN-0220,Wrangler Jeans,Jeans,10,839.0,8390.0
IN-0221,Adidas Shoes,Shoes,16,1061.0,16976.0
IN-0222,Denver Perfumes,Perfumes,2,936.0,1872.0
IN-0223,AXE Perfumes,Perfumes,14,936.0,13104.0
IN-0224,Nike Shoes,Shoes,14,534.0,7476.0
IN-0225,AXE Perfumes,Perfumes,2,821.0,1642.0
IN-0226,Adidas Shoes,Shoes,20,534.0,10680.0
IN-0227,Fogg Perfumes,Perfumes,10,821.0,8210.0
IN-0229,Milton Water bottles,Water bottles,20,699.0,13980.0
IN-0230,Lee Jeans,Jeans,8,653.0,5224.0
IN-0231,Kinley Water bottles,Water bottles,18,1005.0,18090.0
IN-0232,Zara Tshirt,Tshirts,20,867.0,17340.0
IN-0233,AXE Perfumes,Perfumes,12,821.0,9852.0
IN-0234,Redmi Smart Phone,Smart Phone,20,968.0,19360.0
IN-0235,Wrangler Jeans,Jeans,4,567.0,2268.0
IN-0236,Zara Tshirt,Tshirts,6,742.0,4452.0
IN-0237,AXE Perfumes,Perfumes,18,972.0,17496.0
IN-0238,Nike Tshirt,Tshirts,8,867.0,6936.0
IN-0239,Nike Shoes,Shoes,8,616.0,4928.0
IN-0240,Mufti Jeans,Jeans,16,895.0,14320.0
IN-0241,Fogg Perfumes,Perfumes,4,821.0,3284.0
IN-0242,Wild Stone Perfumes,Perfumes,10,821.0,8210.0
IN-0243,Bata Shoes,Shoes,8,534.0,4272.0
IN-0244,Reebok Shoes,Shoes,4,882.0,3528.0
IN-0245,Fogg Perfumes,Perfumes,10,972.0,9720.0
IN-0246,Woodland Shoes,Shoes,16,882.0,14112.0
IN-0247,Zara Tshirt,Tshirts,8,1068.0,8544.0
IN-0248,Redmi Smart Phone,Smart Phone,10,644.0,6440.0
IN-0249,Tupperware Water bottles,Water bottles,8,648.0,5184.0
IN-0250,Park Avenue Perfumes,Perfumes,6,972.0,5832.0
IN-0251,Puma Tshirt,Tshirts,10,923.0,9230.0
IN-0252,Aquafina Water bottles,Water bottles,6,699.0,4194.0
IN-0253,Kinley Water bottles,Water bottles,12,665.0,7980.0
IN-0254,Redmi Smart Phone,Smart Phone,8,968.0,7744.0
IN-0255,Milton Water bottles,Water bottles,4,1005.0,4020.0
IN-0256,Samsung Smart Phone,Smart Phone,12,830.0,9960.0
IN-0257,iPhone Smart Phone,Smart Phone,20,1056.0,21120.0
IN-0258,Mufti Jeans,Jeans,8,839.0,6712.0
IN-0259,Pepe Jeans Jeans,Jeans,2,752.0,1504.0
IN-0260,iPhone Smart Phone,Smart Phone,10,644.0,6440.0
IN-0261,Samsung Smart Phone,Smart Phone,12,644.0,7728.0
IN-0262,Adidas Tshirt,Tshirts,8,867.0,6936.0
IN-0264,Wrangler Jeans,Jeans,8,653.0,5224.0
IN-0265,Wild Stone Perfumes,Perfumes,4,1098.0,4392.0
IN-0266,Pepe Jeans Jeans,Jeans,20,653.0,13060.0
IN-0267,Wrangler Jeans,Jeans,8,895.0,7160.0
IN-0268,Cello Water bottles,Water bottles,10,665.0,6650.0
IN-0269,Zara Tshirt,Tshirts,12,923.0,11076.0
IN-0270,Puma Tshirt,Tshirts,20,1068.0,21360.0
IN-0271,Bata Shoes,Shoes,8,882.0,7056.0
IN-0273,Lee Jeans,Jeans,10,1045.0,10450.0
IN-0274,Peter England Tshirt,Tshirts,12,1068.0,12816.0
IN-0275,Fogg Perfumes,Perfumes,16,821.0,13136.0
IN-0276,Cello Water bottles,Water bottles,14,544.0,7616.0
IN-0277,Adidas Shoes,Shoes,4,1061.0,4244.0
IN-0278,OnePlus Smart Phone,Smart Phone,4,830.0,3320.0
IN-0279,Tupperware Water bottles,Water bottles,16,1005.0,16080.0
IN-0280,Wrangler Jeans,Jeans,18,752.0,13536.0
IN-0281,Nike Shoes,Shoes,12,534.0,6408.0
IN-0282,Adidas Shoes,Shoes,6,757.0,4542.0
IN-0283,Cello Water bottles,Water bottles,20,905.0,18100.0
IN-0284,AXE Perfumes,Perfumes,2,936.0,1872.0
IN-0286,Adidas Shoes,Shoes,4,882.0,3528.0
IN-0287,Lee Jeans,Jeans,2,567.0,1134.0
IN-0288,Adidas Shoes,Shoes,6,1061.0,6366.0
IN-0290,Wrangler Jeans,Jeans,8,895.0,7160.0
IN-0291,Tupperware Water bottles,Water bottles,4,1005.0,4020.0
IN-0292,Kinley Water bottles,Water bottles,8,1005.0,8040.0
IN-0293,Adidas Shoes,Shoes,4,534.0,2136.0
IN-0294,Milton Water bottles,Water bottles,6,544.0,3264.0
IN-0295,Reebok Shoes,Shoes,20,1061.0,21220.0
IN-0296,Zara Tshirt,Tshirts,12,742.0,8904.0
IN-0297,Wild Stone Perfumes,Perfumes,10,972.0,9720.0
IN-0298,Nike Tshirt,Tshirts,16,867.0,13872.0
IN-0299,Peter England Tshirt,Tshirts,14,923.0,12922.0
IN-0300,AXE Perfumes,Perfumes,2,1098.0,2196.0
JP0001,Perfume1,Perfumes,40,25517.24,581793.072
JP0002,Bottle6,Water bottles,20,10206.9,116358.65999999999
JP0004,Tshirt1,Tshirts,22,15172.41,190262.0214
JP0005,Shoes3,Shoes,28,18103.45,288931.062
JP0006,Perfume4,Perfumes,38,22079.31,478237.85459999996
JP0008,Phone5,Smart Phone,10,8379.31,47762.066999999988
JP0010,Phone3,Smart Phone,36,17844.83,366175.91160000005
JP0014,Perfume3,Perfumes,20,20241.38,230751.732
JP0015,Phone3,Smart Phone,2,1931.03,2201.3741999999997
JP0016,Bottle4,Water bottles,20,19327.59,220334.52599999998
JP0019,Perfume3,Perfumes,10,6913.79,39408.602999999996
JP0020,Shoes6,Shoes,28,17017.24,271595.1504
JP0022,Phone3,Smart Phone,22,18567.24,232833.18959999998
JP0027,Perfume3,Perfumes,40,40103.45,914358.65999999992
JP0029,Tshirt2,Tshirts,4,2796.55,6376.134
JP0030,Phone1,Smart Phone,8,7241.38,33020.6928
JP0034,Jeans4,Jeans,30,22525.86,385192.206
JP0037,Bottle6,Water bottles,40,19000.0,433199.99999999994
JP0038,Shoes2,Shoes,10,4913.79,28008.603
JP0039,Perfume2,Perfumes,38,24175.86,523649.1276
JP0040,Shoes2,Shoes,40,27000.0,615600.0
JP0042,Bottle1,Water bottles,10,7465.52,42553.464
JP0043,Jeans5,Jeans,22,12858.62,161247.0948
JP0046,Perfume1,Perfumes,30,29198.28,499290.58799999993
JP0049,Bottle4,Water bottles,6,4287.93,14664.7206
JP0050,Perfume2,Perfumes,6,4039.66,13815.6372
JP0053,Bottle6,Water bottles,36,29172.41,598617.8531999999
JP0056,Bottle3,Water bottles,24,20379.31,278788.9608
JP0057,Tshirt1,Tshirts,6,4872.41,16663.6422
JP0058,Tshirt6,Tshirts,24,22117.24,302563.8432
JP0060,Phone3,Smart Phone,28,19165.52,305881.69920000003
JP0061,Perfume3,Perfumes,24,22572.41,308790.56879999995
JP0063,Shoes5,Shoes,24,16241.38,222182.07839999997
JP0064,Perfume2,Perfumes,28,27106.9,432626.124
JP0065,Bottle6,Water bottles,18,10613.79,108897.4854
JP0068,Bottle6,Water bottles,2,1798.28,2050.0391999999997
JP0070,Shoes3,Shoes,22,10487.93,131518.6422
JP0071,Jeans2,Jeans,40,41034.48,935586.144
JP0073,Phone4,Smart Phone,18,15889.66,163027.9116
JP0074,Tshirt3,Tshirts,28,19068.97,304340.7612
JP0076,Tshirt2,Tshirts,26,11363.79,168411.3678
JP0077,Jeans3,Jeans,14,9184.48,73292.1504
JP0078,Shoes3,Shoes,8,6958.62,31731.307199999996
JP0079,Bottle4,Water bottles,12,9196.55,62904.401999999987
JP0081,Bottle1,Water bottles,28,23413.79,373684.08839999995
JP0087,Shoes2,Shoes,6,5394.83,18450.3186
JP0090,Perfume2,Perfumes,6,5912.07,20219.279399999996
JP0095,Shoes4,Shoes,30,14431.03,246770.61299999998
JP0096,Shoes3,Shoes,6,5839.66,19971.637199999997
JP0098,Bottle1,Water bottles,30,21439.66,366618.186
JP0099,Perfume4,Perfumes,34,16501.72,319803.33359999995
JP0100,Phone1,Smart Phone,22,19268.97,241632.88379999998
JP0101,Bottle2,Water bottles,4,3268.97,7453.2515999999987
JP0102,Phone5,Smart Phone,34,25558.62,495326.05559999991
JP0104,Tshirt6,Tshirts,22,15874.14,199061.71559999997
JP0106,Jeans3,Jeans,6,4437.93,15177.7206
JP0107,Shoes6,Shoes,26,24856.9,368379.258
JP0109,Jeans6,Jeans,34,34029.31,659488.02779999992
JP0112,Jeans2,Jeans,10,6913.79,39408.602999999996
JP0113,Tshirt5,Tshirts,36,36527.59,749546.14679999975
JP0115,Jeans6,Jeans,40,32689.66,745324.24799999991
JP0116,Tshirt4,Tshirts,24,19737.93,270014.8824
JP0117,Perfume3,Perfumes,30,27051.72,462584.412
JP0118,Jeans3,Jeans,32,24165.52,440779.08479999995
JP0120,Perfume5,Perfumes,28,16993.1,271209.87599999993
JP0121,Perfume2,Perfumes,18,17937.93,184043.16179999997
JP0122,Phone3,Smart Phone,36,31903.45,654658.79399999988
JP0123,Tshirt3,Tshirts,6,4029.31,13780.240199999998
JP0127,Jeans1,Jeans,22,22094.83,277069.16819999996
JP0128,Shoes2,Shoes,10,6836.21,38966.397
JP0132,Jeans3,Jeans,8,5131.03,23397.496799999997
JP0134,Phone5,Smart Phone,36,35596.55,730441.206
JP0135,Perfume5,Perfumes,16,11006.9,100382.92799999999
JP0138,Perfume5,Perfumes,34,26350.0,510662.99999999994
JP0140,Shoes1,Shoes,24,24248.28,331716.47039999993
JP0142,Shoes5,Shoes,22,18491.38,231881.9052
JP0143,Bottle4,Water bottles,12,5834.48,39907.843199999996
JP0146,Perfume4,Perfumes,18,18031.03,184998.36779999998
JP0147,Jeans3,Jeans,24,24227.59,331433.4312
JP0151,Tshirt4,Tshirts,40,36482.76,831806.928
JP0152,Shoes3,Shoes,8,5758.62,26259.307199999996
JP0160,Phone1,Smart Phone,38,34134.48,739352.8368
JP0164,Perfume3,Perfumes,32,17241.38,314482.7712
JP0165,Jeans1,Jeans,30,24698.28,422340.58799999993
JP0167,Perfume3,Perfumes,20,19879.31,226624.134
JP0168,Jeans3,Jeans,34,18289.66,354453.61079999997
JP0172,Perfume4,Perfumes,28,15158.62,241931.5752
JP0174,Shoes2,Shoes,36,19613.79,402474.9708
JP0175,Phone5,Smart Phone,4,3551.72,8097.9215999999988
JP0176,Jeans3,Jeans,12,8586.21,58729.676399999989
JP0179,Perfume5,Perfumes,6,5720.69,19564.759799999996
JP0182,Perfume4,Perfumes,40,34793.1,793282.67999999993
JP0187,Phone2,Smart Phone,24,17089.66,233786.54879999996
JP0195,Tshirt1,Tshirts,28,18586.21,296635.9116
JP0197,Tshirt5,Tshirts,36,27031.03,554676.7355999999
JP0199,Perfume3,Perfumes,40,21758.62,496096.53599999991
NO0003,Phone2,Smart Phone,40,2141.03,703114.25200000021
NO0007,Phone5,Smart Phone,20,1424.36,233879.912
NO0008,Phone3,Smart Phone,38,1344.62,419494.54760000005
NO0010,Tshirt5,Tshirts,8,266.15,17480.732
NO0011,Phone3,Smart Phone,28,1654.87,380421.51560000004
NO0014,Perfume4,Perfumes,22,1367.95,247079.12900000004
NO0016,Perfume4,Perfumes,14,704.49,80974.080600000016
NO0021,Shoes1,Shoes,20,1094.87,179777.654
NO0024,Perfume6,Perfumes,38,1822.05,568443.159
NO0025,Tshirt6,Tshirts,34,2512.95,701464.863
NO0027,Tshirt6,Tshirts,10,681.41,55943.761
NO0029,Shoes3,Shoes,20,757.69,124412.69800000002
NO0030,Bottle5,Water bottles,16,696.41,91480.4176
NO0032,Bottle3,Water bottles,4,206.41,6778.5044000000007
NO0035,Phone3,Smart Phone,14,752.05,86440.627
NO0037,Bottle3,Water bottles,20,870.51,142937.74200000003
NO0039,Tshirt4,Tshirts,8,329.74,21657.323200000003
NO0040,Phone3,Smart Phone,16,786.67,103336.9712
NO0042,Perfume6,Perfumes,38,1868.33,582881.5934
NO0043,Bottle3,Water bottles,16,1213.33,159383.0288
NO0044,Tshirt4,Tshirts,20,1173.08,192619.736
NO0045,Bottle5,Water bottles,20,1479.49,242932.25800000003
NO0046,Shoes3,Shoes,40,1856.41,609645.04400000011
NO0049,Jeans6,Jeans,40,2661.54,874049.73600000015
NO0050,Phone5,Smart Phone,24,1656.92,326479.51680000004
NO0051,Tshirt1,Tshirts,36,2506.15,740717.69400000013
NO0054,Phone1,Smart Phone,30,1971.15,485494.24500000005
NO0055,Phone4,Smart Phone,38,2611.28,814667.13440000021
NO0056,Phone6,Smart Phone,20,1160.26,190514.69200000004
NO0057,Shoes1,Shoes,14,490.0,56320.600000000006
NO0058,Phone3,Smart Phone,6,219.23,10799.2698
NO0061,Phone4,Smart Phone,6,449.62,22148.281200000005
NO0063,Bottle2,Water bottles,2,103.21,1694.7082
NO0066,Jeans6,Jeans,8,603.08,39610.294400000006
NO0067,Phone5,Smart Phone,2,91.15,1496.6830000000002
NO0068,Tshirt1,Tshirts,40,2453.85,805844.34000000008
NO0069,Perfume6,Perfumes,4,139.74,4589.0616000000009
NO0070,Phone4,Smart Phone,16,571.28,75043.3408
NO0071,Jeans5,Jeans,20,1396.15,229247.83000000002
NO0073,Jeans6,Jeans,34,2011.67,561537.5638
NO0074,Shoes3,Shoes,4,292.56,9607.6704
NO0077,Jeans3,Jeans,26,1750.0,373555.00000000006
NO0083,Perfume1,Perfumes,6,423.46,20859.6396
NO0084,Bottle6,Water bottles,36,2284.62,675242.2872
NO0085,Jeans3,Jeans,20,917.95,150727.39
NO0087,Bottle2,Water bottles,26,1775.0,378891.50000000006
NO0090,Bottle4,Water bottles,22,1239.62,223900.1644
NO0091,Shoes4,Shoes,4,166.41,5464.9044
NO0095,Phone2,Smart Phone,24,989.23,194917.87920000002
NO0096,Bottle5,Water bottles,32,2164.1,568552.35200000007
NO0097,Bottle1,Water bottles,34,1255.38,350426.77320000005
NO0099,Tshirt6,Tshirts,10,463.46,38050.066
NO0100,Perfume4,Perfumes,24,1741.54,343153.04160000006
NO0104,Bottle6,Water bottles,28,1093.08,251277.2304
NO0105,Tshirt5,Tshirts,10,446.15,36628.915
NO0108,Bottle2,Water bottles,20,1498.72,246089.82400000005
NO0110,Perfume4,Perfumes,4,173.08,5683.9472000000014
NO0112,Perfume1,Perfumes,16,1107.69,145506.15840000001
NO0113,Phone3,Smart Phone,4,307.69,10104.539600000002
NO0114,Shoes5,Shoes,38,1663.72,519047.36560000008
NO0115,Shoes1,Shoes,14,813.97,93557.7118
NO0116,Tshirt3,Tshirts,12,830.77,81847.460400000011
NO0120,Perfume4,Perfumes,22,1620.38,292673.03560000006
NO0121,Shoes4,Shoes,32,1772.31,465621.2832
NO0122,Perfume4,Perfumes,28,2146.67,493476.49960000004
NO0123,Perfume6,Perfumes,26,1888.33,403082.92180000007
NO0124,Shoes2,Shoes,6,297.69,14664.2094
NO0127,Shoes1,Shoes,10,442.95,36366.195000000007
NO0129,Tshirt3,Tshirts,36,2563.85,757771.506
NO0130,Perfume3,Perfumes,26,1330.0,283901.80000000005
NO0131,Phone4,Smart Phone,6,417.31,20556.6906
NO0132,Perfume2,Perfumes,26,1070.0,228402.2
NO0135,Tshirt3,Tshirts,18,1315.38,194386.85640000005
NO0136,Phone5,Smart Phone,40,2482.05,815105.22000000009
NO0137,Tshirt2,Tshirts,20,1160.26,190514.69200000004
NO0139,Phone6,Smart Phone,40,2069.23,679535.1320000001
NO0143,Perfume2,Perfumes,38,2918.21,910423.15580000007
NO0144,Perfume1,Perfumes,30,1823.08,449024.604
NO0146,Jeans6,Jeans,20,971.79,159567.918
NO0149,Bottle4,Water bottles,36,2003.08,592030.32480000006
NO0150,Bottle5,Water bottles,40,1566.67,514494.42800000007
NO0151,Jeans6,Jeans,24,1787.69,352246.4376
NO0154,Bottle5,Water bottles,36,2206.15,652049.69400000013
NO0155,Shoes4,Shoes,30,1640.38,404025.59400000004
NO0160,Tshirt6,Tshirts,8,436.41,28663.408800000005
NO0161,Bottle1,Water bottles,12,790.77,77906.660400000008
NO0163,Phone2,Smart Phone,26,1150.0,245479.00000000003
NO0170,Shoes3,Shoes,30,2286.54,563174.802
NO0171,Bottle3,Water bottles,40,3046.15,1000355.6600000001
NO0172,Jeans3,Jeans,8,416.41,27349.808800000006
NO0173,Tshirt2,Tshirts,24,1573.85,310111.404
NO0174,Phone4,Smart Phone,40,2789.74,916150.616
NO0176,Bottle6,Water bottles,12,770.0,75860.400000000009
NO0182,Jeans5,Jeans,20,1241.03,203777.12600000002
NO0183,Perfume6,Perfumes,32,2227.69,585258.7168
NO0185,Bottle4,Water bottles,36,2157.69,637726.8564
NO0189,Jeans5,Jeans,10,455.77,37418.717000000004
NO0192,Perfume6,Perfumes,8,472.31,31021.320800000005
NO0193,Tshirt3,Tshirts,10,483.97,39733.937000000013
NO0194,Jeans6,Jeans,22,1681.03,303627.6386
NO0196,Phone4,Smart Phone,6,350.77,17278.930200000003
NO0198,Shoes5,Shoes,2,124.23,2039.8566000000003
NO0199,Bottle6,Water bottles,24,1610.77,317386.1208
NO0200,Phone2,Smart Phone,28,1805.64,415080.52320000011
OM0004,Perfume4,Perfumes,6,9.26,11975.4024
OM0008,Jeans1,Jeans,10,27.3,58842.42
OM0009,Shoes6,Shoes,6,9.33,12065.9292
OM0010,Phone1,Smart Phone,8,18.26,31486.0832
OM0012,Tshirt3,Tshirts,40,54.38,468842.60800000007
OM0013,Bottle4,Water bottles,20,34.94,150619.35199999998
OM0014,Bottle3,Water bottles,30,44.12,285288.74399999995
OM0015,Perfume2,Perfumes,2,5.47,2358.0076
OM0017,Perfume4,Perfumes,10,25.63,55242.902
OM0019,Shoes3,Shoes,32,43.87,302583.6736
OM0021,Shoes1,Shoes,2,3.95,1702.766
OM0022,Shoes4,Shoes,36,83.76,649930.6944
OM0025,Perfume4,Perfumes,26,40.23,225450.5292
OM0028,Shoes4,Shoes,14,22.28,67231.2368
OM0031,Tshirt2,Tshirts,4,6.4,5517.8240000000005
OM0032,Tshirt3,Tshirts,18,39.58,153559.31759999998
OM0033,Bottle1,Water bottles,16,24.27,83698.492799999993
OM0035,Phone3,Smart Phone,30,58.32,377108.784
OM0037,Perfume4,Perfumes,12,21.04,54419.5392
OM0038,Phone1,Smart Phone,8,16.59,28606.4688
OM0039,Phone2,Smart Phone,4,9.01,7768.0615999999991
OM0040,Bottle1,Water bottles,34,77.61,568754.01959999988
OM0042,Bottle5,Water bottles,34,59.86,438675.6296
OM0043,Phone6,Smart Phone,20,40.32,173811.45599999998
OM0044,Tshirt6,Tshirts,14,24.07,72632.6692
OM0045,Bottle4,Water bottles,22,34.24,162361.9712
OM0047,Tshirt5,Tshirts,32,65.32,450530.32959999994
OM0049,Shoes6,Shoes,4,8.02,6914.5232
OM0050,Bottle2,Water bottles,36,52.45,406982.62799999997
OM0055,Shoes5,Shoes,36,47.6,369349.34400000004
OM0058,Perfume3,Perfumes,40,76.83,662397.52799999993
OM0060,Bottle4,Water bottles,36,94.12,730318.4928
OM0062,Perfume6,Perfumes,6,8.8,11380.512
OM0063,Jeans1,Jeans,14,32.38,97708.592800000013
OM0066,Jeans5,Jeans,6,9.92,12828.940799999998
OM0069,Shoes5,Shoes,4,7.53,6492.0648
OM0070,Tshirt2,Tshirts,34,47.56,348536.8016
OM0072,Perfume6,Perfumes,16,39.75,137083.44
OM0073,Bottle5,Water bottles,28,74.89,451970.1368
OM0078,Jeans5,Jeans,36,73.82,572801.86079999991
OM0081,Perfume2,Perfumes,20,37.44,161396.35199999998
OM0082,Jeans2,Jeans,22,39.91,189248.4308
OM0083,Perfume5,Perfumes,36,49.77,386187.3288
OM0084,Tshirt4,Tshirts,24,35.69,184622.94239999997
OM0085,Shoes3,Shoes,38,65.06,532875.2312
OM0088,Bottle6,Water bottles,38,97.76,800705.2352
OM0091,Bottle6,Water bottles,40,106.62,919234.992
OM0093,Shoes5,Shoes,38,73.52,602167.03039999993
OM0094,Perfume6,Perfumes,16,20.45,70524.688
OM0097,Jeans2,Jeans,22,50.37,238848.49559999997
OM0099,Phone5,Smart Phone,28,41.44,250095.37279999998
OM0101,Jeans5,Jeans,40,69.41,598425.25599999994
OM0104,Jeans3,Jeans,24,45.21,233869.52159999998
OM0106,Phone1,Smart Phone,16,32.74,112908.4736
OM0107,Jeans6,Jeans,6,7.72,9983.8128
OM0110,Shoes2,Shoes,36,59.13,458815.68720000004
OM0113,Tshirt3,Tshirts,12,21.99,56876.695199999995
OM0116,Bottle6,Water bottles,24,28.89,149446.8144
OM0117,Shoes6,Shoes,26,53.62,300488.6248
OM0119,Perfume1,Perfumes,12,28.17,72861.1416
OM0120,Phone5,Smart Phone,2,3.49,1504.4692
OM0123,Jeans5,Jeans,18,47.6,184674.67200000002
OM0125,Shoes4,Shoes,10,20.67,44552.118
OM0126,Perfume6,Perfumes,40,86.02,741630.03199999989
OM0128,Shoes4,Shoes,36,59.38,460755.54720000003
OM0129,Bottle2,Water bottles,38,56.5,462764.38
OM0130,Shoes6,Shoes,34,74.14,543324.6104
OM0131,Jeans6,Jeans,38,72.72,595614.6144
OM0132,Tshirt5,Tshirts,36,57.46,445857.4224
OM0134,Shoes4,Shoes,18,28.89,112085.1108
OM0135,Tshirt2,Tshirts,12,31.34,81060.283199999991
OM0136,Perfume3,Perfumes,40,103.0,888024.79999999993
OM0141,Phone2,Smart Phone,14,18.41,55553.2796
OM0143,Jeans4,Jeans,26,67.67,379225.3868
OM0145,Perfume5,Perfumes,34,81.47,597041.4892
OM0146,Tshirt4,Tshirts,30,52.26,337923.61199999996
OM0147,Perfume5,Perfumes,26,64.6,362020.98399999994
OM0148,Phone5,Smart Phone,4,7.4,6379.984
OM0150,Phone3,Smart Phone,40,95.48,823190.368
OM0151,Jeans4,Jeans,30,70.43,455414.466
OM0152,Tshirt2,Tshirts,38,79.51,651228.2452
OM0153,Phone3,Smart Phone,30,47.53,307338.48600000003
OM0155,Shoes6,Shoes,12,16.51,42702.7848
OM0157,Bottle4,Water bottles,34,69.96,512692.0656
OM0158,Perfume4,Perfumes,4,7.82,6742.0912
OM0159,Perfume6,Perfumes,10,15.03,32395.661999999997
OM0161,Bottle4,Water bottles,20,28.76,123978.60800000001
OM0163,Phone4,Smart Phone,36,93.7,727059.528
OM0165,Phone1,Smart Phone,40,69.59,599977.14400000009
OM0166,Perfume3,Perfumes,40,51.03,439960.248
OM0169,Tshirt1,Tshirts,28,43.19,260656.83279999997
OM0170,Bottle3,Water bottles,40,89.64,772840.22399999993
OM0171,Bottle5,Water bottles,24,33.13,171380.16480000003
OM0175,Bottle2,Water bottles,40,56.69,488758.50399999996
OM0176,Perfume6,Perfumes,34,78.48,575129.6928
OM0180,Perfume2,Perfumes,20,23.24,100182.99199999998
OM0181,Tshirt1,Tshirts,30,49.55,320400.20999999996
OM0182,Perfume4,Perfumes,28,54.63,329698.6056
OM0183,Shoes5,Shoes,14,37.51,113188.67559999999
OM0190,Shoes5,Shoes,22,36.39,172557.01320000002
OM0194,Tshirt3,Tshirts,22,39.7,188252.636
OM0195,Phone1,Smart Phone,32,65.32,450530.32959999994
OM0197,Shoes1,Shoes,14,30.98,93484.0088
OM0198,Perfume1,Perfumes,32,51.52,355347.8656
OM0200,Tshirt5,Tshirts,10,12.46,26856.284
QA0002,Perfume1,Perfumes,20,177.01,80964.374
QA0003,Phone5,Smart Phone,44,530.77,534103.2356
QA0008,Bottle4,Water bottles,32,175.52,128452.55680000002
QA0010,Phone2,Smart Phone,64,369.93,541459.1424
QA0011,Tshirt3,Tshirts,64,778.32,1139211.4176
QA0013,Shoes6,Shoes,64,616.78,902768.5504
QA0014,Perfume6,Perfumes,76,635.27,1104175.4923999999
QA0015,Jeans5,Jeans,8,72.29,13226.178400000003
QA0018,Shoes5,Shoes,12,149.87,41130.3228
QA0019,Jeans1,Jeans,80,923.08,1688867.1680000003
QA0021,Perfume5,Perfumes,48,269.06,295363.3056
QA0023,Shoes2,Shoes,16,115.03,42091.7776
QA0024,Perfume2,Perfumes,28,283.61,181612.4996
QA0025,Phone1,Smart Phone,16,90.38,33071.8496
QA0027,Perfume5,Perfumes,44,389.9,392348.572
QA0028,Tshirt6,Tshirts,16,110.31,40364.635200000004
QA0030,Jeans1,Jeans,56,354.28,453733.4816
QA0031,Tshirt4,Tshirts,56,428.93,549339.22960000008
QA0032,Tshirt1,Tshirts,68,728.15,1132389.754
QA0033,Tshirt3,Tshirts,8,70.63,12922.4648
QA0034,Bottle1,Water bottles,16,195.1,71390.992
QA0035,Jeans5,Jeans,28,362.85,232354.62600000005
QA0036,Shoes1,Shoes,12,102.8,28212.432
QA0037,Perfume3,Perfumes,48,530.77,582658.0752
QA0038,Bottle5,Water bottles,32,210.14,153788.8576
QA0039,Perfume1,Perfumes,68,517.13,804219.89079999994
QA0040,Shoes2,Shoes,72,472.81,778547.8584
QA0042,Phone6,Smart Phone,16,150.87,55206.3504
QA0043,Phone4,Smart Phone,28,280.55,179652.99800000002
QA0046,Tshirt3,Tshirts,64,625.17,915048.8256
QA0049,Phone6,Smart Phone,48,269.06,295363.3056
QA0051,Bottle6,Water bottles,12,84.7,23245.068000000003
QA0052,Phone4,Smart Phone,76,558.04,969940.48479999986
QA0057,Shoes2,Shoes,60,409.75,562258.95000000007
QA0058,Shoes4,Shoes,64,799.3,1169919.4239999999
QA0059,Jeans1,Jeans,16,99.48,36401.721600000004
QA0060,Phone6,Smart Phone,4,38.94,3562.2312
QA0061,Perfume6,Perfumes,44,389.42,391865.5576
QA0062,Perfume5,Perfumes,16,205.59,75229.4928
QA0063,Perfume4,Perfumes,60,524.48,719691.45600000012
QA0065,Perfume5,Perfumes,4,41.08,3757.9984
QA0067,Phone1,Smart Phone,8,93.53,17112.2488
QA0073,Tshirt1,Tshirts,76,523.99,910757.4988
QA0074,Shoes3,Shoes,76,946.68,1645443.4416
QA0076,Phone3,Smart Phone,8,65.82,12042.4272
QA0077,Jeans6,Jeans,40,247.81,226696.588
QA0078,Shoes1,Shoes,44,250.0,251570.0
QA0084,Shoes3,Shoes,56,616.78,789922.4816
QA0085,Bottle1,Water bottles,72,624.65,1028573.676
QA0087,Bottle1,Water bottles,76,918.44,1596358.9328
QA0091,Perfume4,Perfumes,72,408.3,672323.11200000008
QA0092,Bottle6,Water bottles,68,809.88,1259492.9808
QA0094,Perfume4,Perfumes,76,858.65,1492436.7380000001
QA0095,Jeans3,Jeans,60,489.07,671101.854
QA0098,Bottle2,Water bottles,36,359.92,296329.33440000005
QA0099,Jeans1,Jeans,20,115.38,52774.812
QA0101,Phone6,Smart Phone,8,57.95,10602.532000000001
QA0106,Tshirt5,Tshirts,68,768.27,1194782.7732000002
QA0114,Tshirt6,Tshirts,80,1029.72,1883975.7120000003
QA0116,Shoes6,Shoes,48,549.13,602812.9488
QA0117,Jeans4,Jeans,52,512.5,609485.5
QA0118,Shoes3,Shoes,12,105.42,28931.4648
QA0121,Shoes6,Shoes,56,406.29,520343.72880000004
QA0122,Bottle3,Water bottles,68,638.99,993731.6884
QA0126,Tshirt1,Tshirts,24,269.58,147967.0704
QA0129,Shoes3,Shoes,28,282.69,181023.3684
QA0131,Tshirt1,Tshirts,72,464.95,765605.268
QA0132,Phone2,Smart Phone,36,216.35,178125.282
QA0134,Shoes2,Shoes,76,426.84,741899.14079999994
QA0136,Tshirt2,Tshirts,28,236.19,151246.6284
QA0139,Phone2,Smart Phone,56,323.69,414556.25680000003
QA0141,Perfume6,Perfumes,60,334.35,458795.07
QA0145,Shoes5,Shoes,80,441.43,807640.3280000001
QA0147,Bottle3,Water bottles,20,239.07,109350.618
QA0150,Tshirt3,Tshirts,8,88.37,16168.175200000001
QA0153,Shoes6,Shoes,64,747.55,1094173.984
QA0154,Bottle6,Water bottles,60,454.33,623431.626
QA0155,Jeans1,Jeans,32,187.41,137154.1344
QA0158,Phone4,Smart Phone,16,109.44,40046.2848
QA0160,Bottle5,Water bottles,36,431.51,355270.81320000003
QA0161,Tshirt5,Tshirts,76,768.97,1336562.1364000002
QA0162,Tshirt2,Tshirts,64,584.62,855696.6016
QA0164,Tshirt3,Tshirts,20,127.4,58272.76
QA0167,Phone3,Smart Phone,76,594.58,1033451.3896000001
QA0169,Perfume5,Perfumes,52,515.91,613540.8084
QA0176,Jeans4,Jeans,56,331.03,423956.7416
QA0177,Perfume3,Perfumes,60,762.46,1046247.6120000002
QA0181,Phone3,Smart Phone,76,883.57,1535750.6884000003
QA0182,Tshirt1,Tshirts,68,759.35,1180910.746
QA0184,Shoes3,Shoes,36,399.26,328718.7432
QA0185,Tshirt1,Tshirts,60,449.74,617133.228
QA0188,Shoes2,Shoes,28,177.45,113631.882
QA0189,Bottle5,Water bottles,36,371.33,305723.4156
QA0193,Shoes1,Shoes,20,112.33,51379.742
QA0194,Jeans1,Jeans,4,23.03,2106.7844
QA0195,Jeans4,Jeans,20,206.73,94558.302
QA0196,Bottle5,Water bottles,28,247.2,158296.992
QA0199,Phone5,Smart Phone,32,280.07,204966.4288
SL1000,Tshirt5,Tshirts,8,3145.08,6290.16
SL1001,Shoes2,Shoes,4,1003.3,1003.3
SL1002,Tshirt1,Tshirts,10,5488.95,13722.375
SL1003,Tshirt6,Tshirts,6,1911.9900000000002,2867.9850000000006
SL1004,Tshirt5,Tshirts,16,4594.96,18379.84
SL1005,Perfume2,Perfumes,2,776.7,388.35
SL1006,Perfume2,Perfumes,14,4963.21,17371.235
SL1007,Shoes3,Shoes,4,1378.66,1378.66
SL1008,WaterBottle5,Water bottles,4,2097.36,2097.36
SL1009,Tshirt2,Tshirts,2,500.39,250.195
SL1010,Shoes5,Shoes,6,3128.01,4692.015
SL1011,Tshirt4,Tshirts,16,8308.24,33232.96
SL1012,Tshirt3,Tshirts,8,4053.08,8106.16
SL1013,Jeans3,Jeans,10,4344.45,10861.125
SL1014,Shoes1,Shoes,20,5145.7000000000007,25728.500000000004
SL1015,WaterBottle4,Water bottles,10,4974.7000000000007,12436.750000000002
SL1016,SmartPhone6,Smart Phone,12,6017.76,18053.28
SL1017,WaterBottle3,Water bottles,16,6184.8,24739.2
SL1018,SmartPhone6,Smart Phone,8,3249.64,6499.28
SL1019,Jeans3,Jeans,8,3634.0,7268.0
SL1020,Shoes5,Shoes,18,5753.34,25890.03
SL1021,Perfume6,Perfumes,16,6383.92,25535.68
SL1022,SmartPhone2,Smart Phone,10,3237.25,8093.125
SL1023,Tshirt4,Tshirts,12,6029.58,18088.739999999998
SL1024,Jeans4,Jeans,6,3211.59,4817.385
SL1025,Shoes2,Shoes,12,3712.62,11137.86
SL1026,SmartPhone4,Smart Phone,20,6328.8,31644.0
SL1027,Jeans1,Jeans,10,3425.55,8563.875
SL1028,Tshirt5,Tshirts,20,5970.2,29851.0
SL1029,Tshirt5,Tshirts,4,1571.66,1571.66
SL1030,WaterBottle4,Water bottles,10,5171.3,12928.25
SL1031,Perfume2,Perfumes,18,5918.4000000000005,26632.800000000003
SL1032,Tshirt1,Tshirts,12,3639.96,10919.880000000001
SL1033,Tshirt6,Tshirts,2,1064.6,532.3
SL1034,Jeans1,Jeans,8,2825.24,5650.48
SL1035,Tshirt1,Tshirts,16,4765.52,19062.08
SL1036,Shoes5,Shoes,8,2141.0,4282.0
SL1037,WaterBottle3,Water bottles,6,3461.07,5191.6050000000005
SL1038,Shoes6,Shoes,10,2608.65,6521.625
SL1039,WaterBottle1,Water bottles,20,9403.6,47018.0
SL1040,Tshirt2,Tshirts,16,8852.4,35409.6
SL1041,Shoes6,Shoes,18,5660.19,25470.855
SL1042,WaterBottle1,Water bottles,20,8175.8,40879.0
SL1043,Jeans6,Jeans,10,4056.5,10141.25
SL1044,Jeans2,Jeans,12,3415.32,10245.960000000001
SL1045,Perfume1,Perfumes,18,7991.4600000000009,35961.570000000007
SL1046,Jeans1,Jeans,16,7700.88,30803.52
SL1047,WaterBottle1,Water bottles,6,2361.7799999999997,3542.6699999999996
SL1048,Perfume4,Perfumes,6,2438.13,3657.195
SL1049,Shoes1,Shoes,18,5653.26,25439.670000000002
SL1050,Perfume6,Perfumes,6,3341.3999999999996,5012.0999999999995
SL1051,Tshirt5,Tshirts,12,3543.0,10629.0
SL1052,Perfume2,Perfumes,4,2239.72,2239.72
SL1053,Tshirt1,Tshirts,20,11548.900000000001,57744.500000000007
SL1054,Perfume5,Perfumes,2,796.81,398.405
SL1055,WaterBottle1,Water bottles,20,7535.4,37677.0
SL1056,Perfume1,Perfumes,2,814.63,407.315
SL1057,Shoes4,Shoes,14,6517.7,22811.95
SL1058,Tshirt4,Tshirts,10,4427.6,11069.0
SL1059,Perfume4,Perfumes,20,5896.0,29480.0
SL1060,WaterBottle1,Water bottles,14,7881.3700000000008,27584.795000000002
SL1061,Shoes4,Shoes,20,6302.4,31512.0
SL1062,Tshirt6,Tshirts,4,1769.04,1769.04
SL1063,SmartPhone1,Smart Phone,6,1870.59,2805.8849999999998
SL1064,Tshirt4,Tshirts,20,5186.0,25930.0
SL1065,Tshirt4,Tshirts,14,6251.56,21880.460000000003
SL1066,Perfume6,Perfumes,20,7089.0,35445.0
SL1067,Tshirt1,Tshirts,20,11694.300000000001,58471.500000000007
SL1068,WaterBottle2,Water bottles,14,6851.81,23981.335000000003
SL1069,SmartPhone1,Smart Phone,20,7308.6,36543.0
SL1070,SmartPhone6,Smart Phone,4,1499.52,1499.52
SL1071,WaterBottle3,Water bottles,16,8079.44,32317.76
SL1072,Tshirt5,Tshirts,20,6813.3,34066.5
SL1073,WaterBottle3,Water bottles,20,9364.7,46823.5
SL1074,WaterBottle1,Water bottles,2,668.58,334.29
SL1075,Jeans5,Jeans,18,5989.32,26951.94
SL1076,SmartPhone5,Smart Phone,20,7682.7999999999993,38414.0
SL1077,Jeans3,Jeans,10,4930.6,12326.5
SL1078,Jeans6,Jeans,10,4872.7999999999993,12181.999999999998
SL1079,Jeans2,Jeans,6,3099.3599999999997,4649.0399999999991
SL1080,WaterBottle1,Water bottles,20,8243.8,41219.0
SL1081,Jeans6,Jeans,6,2542.5299999999997,3813.7949999999996
SL1082,SmartPhone1,Smart Phone,8,4635.04,9270.08
SL1083,Jeans6,Jeans,8,3521.8,7043.6
SL1084,WaterBottle3,Water bottles,18,9002.34,40510.53
SL1085,Perfume3,Perfumes,10,5392.1,13480.25
SL1086,Perfume5,Perfumes,14,4660.95,16313.324999999999
SL1087,Tshirt1,Tshirts,8,4618.72,9237.44
SL1088,SmartPhone6,Smart Phone,8,4453.96,8907.92
SL1089,Jeans4,Jeans,2,841.66,420.83
SL1090,Perfume1,Perfumes,18,8911.619999999999,40102.289999999994
SL1091,Jeans1,Jeans,10,3280.3500000000004,8200.875
SL1092,Shoes2,Shoes,2,903.59,451.795
SL1093,Jeans6,Jeans,10,5269.3499999999995,13173.374999999998
SL1094,WaterBottle2,Water bottles,20,9474.0,47370.0
SL1095,Jeans6,Jeans,10,5779.85,14449.625
SL1096,Jeans1,Jeans,18,6852.78,30837.51
SL1097,SmartPhone1,Smart Phone,12,5769.6,17308.800000000003
SL1098,SmartPhone6,Smart Phone,18,8557.1999999999989,38507.399999999994
SL1099,Perfume6,Perfumes,10,5855.7000000000007,14639.250000000002
SL1100,SmartPhone6,Smart Phone,4,1730.5,1730.5
SL1101,Shoes4,Shoes,12,3664.8599999999997,10994.579999999998
SL1102,Tshirt3,Tshirts,2,1027.91,513.955
SL1103,WaterBottle5,Water bottles,14,7246.1200000000008,25361.420000000002
SL1104,Jeans5,Jeans,16,5897.52,23590.08
SL1105,WaterBottle5,Water bottles,10,3334.8,8337.0
SL1106,SmartPhone1,Smart Phone,16,9223.44,36893.76
SL1107,Tshirt4,Tshirts,18,7771.86,34973.369999999995
SL1108,WaterBottle4,Water bottles,10,4529.25,11323.125
SL1109,SmartPhone6,Smart Phone,2,1142.59,571.295
SL1110,Shoes5,Shoes,20,6173.0,30865.0
SL1111,Shoes6,Shoes,8,2496.6,4993.2
SL1112,WaterBottle6,Water bottles,12,6205.92,18617.760000000002
SL1113,SmartPhone6,Smart Phone,14,6957.16,24350.059999999998
SL1114,Jeans2,Jeans,14,6338.6399999999994,22185.239999999998
SL1115,WaterBottle2,Water bottles,10,5228.25,13070.625
SL1116,SmartPhone6,Smart Phone,2,927.69,463.845
SL1117,Jeans5,Jeans,18,4767.3,21452.850000000002
SL1118,Tshirt5,Tshirts,18,9149.67,41173.515
SL1119,Perfume4,Perfumes,2,907.77,453.885
SL1120,Jeans2,Jeans,20,8337.3,41686.5
SL1121,SmartPhone3,Smart Phone,8,2898.92,5797.84
SL1122,Perfume1,Perfumes,14,4946.06,17311.210000000003
SL1123,WaterBottle1,Water bottles,10,5213.0999999999995,13032.749999999998
SL1124,Shoes2,Shoes,8,4485.16,8970.32
SL1125,SmartPhone5,Smart Phone,12,5540.58,16621.739999999998
SL1126,Shoes6,Shoes,18,7426.9800000000005,33421.41
SL1127,Shoes4,Shoes,10,5759.0499999999993,14397.624999999998
SL1128,Jeans5,Jeans,20,6618.8,33094.0
SL1129,Jeans4,Jeans,6,2889.5099999999998,4334.2649999999994
SL1130,Jeans2,Jeans,10,4345.75,10864.375
SL1131,Jeans6,Jeans,18,10080.99,45364.455
SL1132,WaterBottle2,Water bottles,16,7336.96,29347.84
SL1133,SmartPhone5,Smart Phone,14,5028.8,17600.8
SL1134,WaterBottle1,Water bottles,20,10408.099999999999,52040.499999999993
SL1135,SmartPhone1,Smart Phone,6,2466.81,3700.215
SL1136,WaterBottle4,Water bottles,2,904.06,452.03
SL1137,Jeans4,Jeans,6,2585.16,3877.74
SL1138,Jeans1,Jeans,14,5731.88,20061.58
SL1139,WaterBottle4,Water bottles,2,764.62,382.31
SL1140,Shoes1,Shoes,14,7274.8899999999994,25462.114999999998
SL1141,Shoes5,Shoes,10,5276.35,13190.875
SL1142,WaterBottle5,Water bottles,10,5006.5,12516.25
SL1143,SmartPhone5,Smart Phone,8,3684.36,7368.72
SL1144,SmartPhone4,Smart Phone,10,4630.45,11576.125
SL1145,Tshirt5,Tshirts,8,4690.12,9380.24
SL1146,Tshirt2,Tshirts,10,2986.05,7465.125
SL1147,Tshirt1,Tshirts,16,9055.68,36222.72
SL1148,Tshirt4,Tshirts,18,7216.0199999999995,32472.089999999997
SL1149,Perfume3,Perfumes,6,1854.4499999999998,2781.6749999999997
SL1150,Perfume2,Perfumes,18,9494.73,42726.284999999996
SL1151,Shoes5,Shoes,4,2183.86,2183.86
SL1152,Tshirt5,Tshirts,12,3527.2799999999997,10581.84
SL1153,Tshirt3,Tshirts,20,8405.5,42027.5
SL1154,WaterBottle3,Water bottles,12,4629.78,13889.34
SL1155,Jeans4,Jeans,10,4493.25,11233.125
SL1156,Tshirt6,Tshirts,2,903.13,451.565
SL1157,WaterBottle5,Water bottles,12,6907.74,20723.22
SL1158,Jeans5,Jeans,12,5994.0599999999995,17982.18
SL1159,Jeans4,Jeans,18,6479.0999999999995,29155.949999999997
SL1160,WaterBottle1,Water bottles,12,7153.5,21460.5
SL1161,Perfume5,Perfumes,18,8528.94,38380.23
SL1162,WaterBottle3,Water bottles,8,4703.12,9406.24
SL1163,WaterBottle5,Water bottles,20,8621.2,43106.0
SL1164,SmartPhone2,Smart Phone,2,745.1,372.55
SL1165,SmartPhone1,Smart Phone,6,3023.37,4535.055
SL1166,WaterBottle6,Water bottles,14,5253.71,18387.985
SL1167,SmartPhone1,Smart Phone,8,3756.8,7513.6
SL1168,Perfume5,Perfumes,4,1381.3,1381.3
SL1169,Shoes2,Shoes,16,7108.16,28432.64
SL1170,WaterBottle2,Water bottles,6,3530.19,5295.285
SL1171,Shoes3,Shoes,12,5916.4800000000005,17749.440000000002
SL1172,Jeans6,Jeans,18,8676.36,39043.62
SL1173,Perfume3,Perfumes,18,7649.19,34421.354999999996
SL1174,Perfume4,Perfumes,20,10258.699999999999,51293.499999999993
SL1175,SmartPhone2,Smart Phone,6,2565.75,3848.625
SL1176,Tshirt2,Tshirts,20,9002.2,45011.0
SL1177,Perfume1,Perfumes,4,2396.92,2396.92
SL1178,Jeans1,Jeans,16,7946.24,31784.96
SL1179,Shoes4,Shoes,18,9097.4700000000012,40938.615000000005
SL1180,Shoes4,Shoes,16,8336.32,33345.28
SL1181,Shoes3,Shoes,10,2979.8500000000004,7449.6250000000009
SL1182,Jeans2,Jeans,6,3395.7300000000005,5093.5950000000012
SL1183,Perfume6,Perfumes,2,614.02,307.01
SL1184,Jeans3,Jeans,8,3143.68,6287.36
SL1185,WaterBottle5,Water bottles,10,3575.85,8939.625
SL1186,Shoes5,Shoes,16,4013.6,16054.4
SL1187,Shoes6,Shoes,4,1455.52,1455.52
SL1188,WaterBottle6,Water bottles,12,4910.5199999999995,14731.559999999998
SL1189,Perfume3,Perfumes,18,9048.869999999999,40719.914999999994
SL1190,Shoes3,Shoes,6,3172.59,4758.885
SL1191,Tshirt5,Tshirts,16,9313.12,37252.48
SL1192,WaterBottle6,Water bottles,6,1668.81,2503.215
SL1193,SmartPhone5,Smart Phone,20,9779.1,48895.5
SL1194,Perfume1,Perfumes,10,3490.05,8725.125
SL1195,SmartPhone4,Smart Phone,8,4734.12,9468.24
SL1196,Shoes2,Shoes,4,1524.76,1524.76
SL1197,Tshirt2,Tshirts,14,6279.7,21978.95
SL1198,Tshirt5,Tshirts,18,8068.41,36307.845
SL1199,SmartPhone5,Smart Phone,20,10866.099999999999,54330.499999999993